chapter	pattern	meaning
1	V bentuk biasa＋N	menerangkan benda dengan klausa — “benda yang …”
1	〜のが好き／上手・〜のは〜	menjadikan kegiatan sebagai hal yang disukai, dikuasai, atau dinilai
1	趣味は〜ことです	menyatakan hobi — “hobi saya adalah …”
1	〜の／〜こと・〜のを見る／聞く	memilih nominalisasi dan menyatakan kejadian yang dilihat atau didengar
1	〜いの／〜なの	menggantikan nama benda yang sudah jelas — “yang …”
2	〜んです／〜のです	memberi atau meminta penjelasan tentang suatu keadaan
2	〜んですが／〜んだけど	mengantar pertanyaan, permintaan, atau konsultasi
2	〜と思う／〜と思っている	menyatakan pendapat atau pemikiran — “menurut saya …”
2	〜と言う／〜と言っていた／〜と聞く・〜って	mengutip ucapan atau melaporkan informasi yang didengar
2	〜という〜	menyebut nama — “yang bernama/disebut …”
2	〜かな／〜のかな	bertanya-tanya atau meragukan sesuatu dalam hati
3	〜とき	menyatakan waktu terjadinya sesuatu — “ketika …”
3	〜前に／〜後で	menyatakan urutan — “sebelum … / sesudah …”
3	〜間／〜間に	menyatakan kejadian sepanjang atau di dalam suatu rentang waktu
3	〜まで／〜までに	membedakan batas berlangsungnya kegiatan dan tenggat penyelesaian
3	〜たり、〜たりする	menyebut beberapa contoh kegiatan — “melakukan … dan …”
3	〜ながら	melakukan dua kegiatan bersamaan — “sambil …”
3	〜ないで、〜	melakukan sesuatu tanpa melakukan tindakan lain
4	Bentuk potensial（可能形）	menyatakan kemampuan atau kemungkinan melakukan sesuatu
4	〜ことができる	menyatakan kemampuan — “dapat/bisa melakukan …”
4	〜が見える／聞こえる・〜が見られる／聞ける	membedakan persepsi alami dan kemampuan atau kesempatan melihat/mendengar
4	〜がする	menyatakan adanya bunyi, suara, bau, atau rasa
5	Bentuk volisional・〜ようと思う／思っている	menyatakan ajakan, tekad, atau niat melakukan sesuatu
5	〜ことにする／〜ことになる	membedakan keputusan sendiri dan keputusan atau keadaan yang ditetapkan
5	〜ことにしている	menyatakan kebiasaan atau aturan yang ditetapkan untuk diri sendiri
5	〜ようになる／〜なくなる	menyatakan perubahan kemampuan atau kebiasaan — “menjadi … / tidak lagi …”
5	〜ようにする／〜ようにしている	berusaha atau membiasakan diri untuk melakukan/tidak melakukan sesuatu
6	〜てみる	mencoba melakukan sesuatu
6	〜てしまう／〜ちゃう／〜じゃう	menyelesaikan seluruh tindakan atau menyatakan sesuatu yang terlanjur terjadi
6	〜てよかった／〜なくてよかった	merasa senang atau lega karena melakukan/tidak melakukan sesuatu
6	〜てすみません／〜なくてすみません	meminta maaf karena melakukan/tidak melakukan sesuatu
7	〜を＋verba transitif／〜が＋verba intransitif	membedakan tindakan pada benda dan perubahan atau kejadian pada benda
7	〜が＋verba intransitifている	menyatakan keadaan yang bertahan setelah suatu perubahan
7	〜てある	menyatakan hasil tindakan sengaja yang masih ada
7	〜ておく／〜とく／〜どく	melakukan persiapan atau membiarkan keadaan tetap begitu
8	〜ていく／〜てくる	menyatakan arah gerak atau perkembangan terhadap titik acuan
8	〜始める／〜出す	menyatakan awal kegiatan atau kejadian — “mulai …”
8	〜続ける／〜終わる	menyatakan kelanjutan atau akhir kegiatan — “terus … / selesai …”
8	〜るところ／〜ているところ／〜たところ	menyatakan tahap tindakan — “akan segera / sedang / baru saja …”
8	〜たばかり	menyatakan tindakan yang dirasa baru saja dilakukan
8	もう〜た／まだ〜ていない／まだ〜ている	membedakan kegiatan yang sudah selesai, belum dilakukan, dan masih berlangsung
9	〜方／〜の仕方	menyatakan cara melakukan sesuatu
9	〜やすい／〜にくい	menyatakan sesuatu mudah atau sulit dilakukan
9	〜すぎる	menyatakan sesuatu berlebihan — “terlalu …”
9	〜く＋V／〜に＋V	menerangkan cara melakukan tindakan dengan kata sifat
9	〜くする／〜にする	membuat sesuatu menjadi suatu keadaan
9	〜さ	mengubah kata sifat menjadi nama sifat atau ukuran derajatnya
10	〜ので	memberi latar alasan — “karena/sebab …”
10	〜し、〜し	menyebut beberapa alasan atau sifat secara bertambah
10	〜けど／〜けれど／〜けれども	menyatakan pertentangan atau menghaluskan pengantar pembicaraan
10	〜のに	menyatakan hasil yang berbeda dari harapan — “padahal …”
10	〜て／〜なくて・〜くて／〜で	menghubungkan sebab, akibat, atau keadaan yang berkaitan
10	〜ても／〜でも／〜なくても	menyatakan konsesi — “meskipun/walaupun …”
11	〜そうだ（penampakan）	menyatakan kesan yang tampak — “kelihatannya … / akan segera …”
11	〜そうだ（kabar）	melaporkan informasi — “katanya/saya dengar …”
11	〜らしい	menyatakan dugaan berdasarkan informasi — “kabarnya/tampaknya …”
11	〜かもしれない／〜かもしれません	menyatakan kemungkinan — “mungkin …”
11	〜でしょう／〜だろう	menyatakan perkiraan atau meminta konfirmasi sesuai konteks
11	〜はずだ／〜はずがない	menyatakan perkiraan beralasan atau ketidakmungkinan — “mestinya …”
12	〜ようだ／〜ような／〜ように	menyatakan dugaan berdasarkan tanda atau kemiripan — “sepertinya/seperti …”
12	〜みたいだ／〜みたいな／〜みたいに	menyatakan dugaan atau kemiripan dalam percakapan
12	〜そうな／〜そうに	menerangkan benda atau tindakan berdasarkan penampakannya
12	〜がる	menyatakan tanda perasaan yang diperlihatkan seseorang
12	〜たがる／〜たがっている・〜を欲しがる	menyatakan keinginan melakukan atau memiliki yang terlihat pada seseorang
13	〜と、〜	menyatakan syarat atau hasil yang lazim, otomatis, atau teramati
13	〜たら	menyatakan syarat atau urutan — “jika/setelah …”
13	〜たらどうですか	memberi saran — “bagaimana kalau …?”
13	〜といいですね／〜といいな	menyatakan harapan atau saran — “semoga … / baik kalau …”
14	〜ば／〜ければ／〜なら（ば）	menyatakan syarat — “jika …”
14	〜なら	menanggapi informasi atau asumsi — “kalau memang/tentang …”
14	〜ばよかった／〜なければよかった	menyatakan penyesalan — “seandainya tadi …”
15	〜に行く／〜に来る／〜に帰る	pergi, datang, atau pulang untuk melakukan sesuatu
15	〜ために／〜のために	menyatakan tujuan yang disengaja atau manfaat — “untuk …”
15	〜ように	menyatakan tujuan agar suatu keadaan atau kemampuan terwujud
15	〜のに使う／便利だ／必要だ／時間がかかる	menyatakan kegunaan atau kebutuhan untuk melakukan sesuatu
15	〜ように言う	menyampaikan instruksi atau permintaan secara tidak langsung
16	〜たほうがいい／〜ないほうがいい	memberi saran — “lebih baik melakukan/tidak melakukan …”
16	〜なくてはいけない／〜ないといけない	menyatakan kewajiban — “harus …”
16	〜必要がある／〜必要はない	menyatakan perlu atau tidak perlu melakukan sesuatu
16	〜なさい	memberikan instruksi tegas sesuai hubungan pembicara dan pendengar
16	Bentuk perintah（命令形）／〜るな	memberi perintah langsung atau larangan tegas — “jangan …”
17	〜に〜をあげる	memberi benda kepada orang lain
17	〜に／から〜をもらう	menerima benda dari orang lain
17	〜が〜をくれる	orang lain memberi benda kepada saya atau pihak saya
18	〜てあげる	melakukan sesuatu untuk orang lain
18	〜てくれる	orang lain melakukan sesuatu yang bermanfaat bagi saya atau pihak saya
18	〜てもらう	menerima bantuan atau mengatur agar orang lain melakukan sesuatu
18	〜てもらえませんか／〜てくれませんか	meminta bantuan — “bisakah Anda …?”
18	〜てほしい／〜ないでほしい	menginginkan seseorang melakukan/tidak melakukan sesuatu
18	〜てくれてありがとう	berterima kasih atas tindakan orang lain
19	Kata tanya＋〜か／〜かどうか	memasukkan pertanyaan ke dalam kalimat — “kapan … / apakah … atau tidak”
19	〜だけ／〜しか〜ない	membatasi jumlah atau cakupan — “hanya …”
19	〜ばかり／〜てばかりいる	menyatakan sesuatu didominasi hal atau kegiatan yang sama
19	〜だけで	menyatakan syarat atau sarana minimal — “cukup/hanya dengan …”
19	〜だけでなく、〜も	menambahkan informasi — “bukan hanya …, tetapi … juga”
19	Jumlah＋も／Jumlah＋は	menekankan jumlah yang terasa banyak atau batas minimal
20	〜ほど〜ない／〜ほど	menyatakan perbandingan negatif atau derajat — “tidak se-… / sampai …”
20	〜くらい／〜ぐらい／〜ごろ	menyatakan perkiraan jumlah, durasi, atau titik waktu
20	〜に〜回／〜ごとに	menyatakan frekuensi per periode atau pengulangan setiap unit
20	〜以上／〜以下／〜未満／〜以外	menyatakan batas jumlah atau pengecualian — “selain …”
20	〜場合（は）	menyatakan keadaan bersyarat — “dalam hal/jika terjadi …”
20	〜まま	menyatakan keadaan yang tetap atau tidak berubah
20	〜とおりに／〜どおりに	melakukan sesuatu sesuai petunjuk atau acuan
21	Bentuk pasif（受身形）	membentuk kata kerja pasif — “dikenai suatu tindakan”
21	〜は〜に＋V pasif	menyatakan tindakan yang diterima subjek dari pelaku
21	〜は〜に〜を＋V pasif	menyatakan tindakan pada milik atau bagian tubuh yang memengaruhi subjek
21	〜に＋V pasif（dampak tidak langsung）	menyatakan bahwa subjek terdampak suatu tindakan atau kejadian
21	〜は＋V pasif／〜によって＋V pasif	menjelaskan benda atau peristiwa dengan bentuk pasif
22	Bentuk kausatif（使役形）	membentuk kata kerja untuk menyuruh atau mengizinkan tindakan
22	〜に〜を＋V kausatif／〜を・に＋V kausatif	menyatakan siapa yang disuruh atau diizinkan melakukan sesuatu
22	V kausatifて＋ください／あげる／くれる／もらう	meminta izin atau memberi dan menerima kesempatan melakukan sesuatu
22	Bentuk kausatif-pasif（使役受身形）	membentuk kata kerja untuk tindakan yang dipaksakan kepada pelaku
22	〜は〜に＋V kausatif-pasif	menyatakan terpaksa atau disuruh melakukan sesuatu
22	〜せられる／〜される（bentuk pendek）	memendekkan bentuk kausatif-pasif pada verba Golongan 1 tertentu
23	お〜になる／ご〜になる	menghormati tindakan orang yang dibicarakan
23	〜れる／〜られる（hormat）	menggunakan bentuk serupa pasif untuk menghormati pelaku
23	いらっしゃる／召し上がる／ご覧になる	menghormati kegiatan pergi, datang, berada, makan, minum, dan melihat
23	なさる／おっしゃる／ご存じだ	menghormati kegiatan melakukan, mengatakan, dan mengetahui
23	いらっしゃいます・お〜ください／ご〜ください	menggunakan bentuk sopan khusus dan menyampaikan instruksi hormat
24	お〜する／お〜いたす・ご〜する／ご〜いたす	merendahkan tindakan diri atau pihak sendiri untuk menghormati pihak lain
24	参る／申す／いたす・伺う／拝見する	menggunakan ungkapan khusus yang merendah atau sangat sopan
24	ございます／でございます	menyatakan keberadaan atau identitas dengan sangat sopan
24	差し上げる／いただく／くださる	memberi atau menerima benda dengan bahasa merendah atau hormat
24	〜て差し上げる／〜ていただく／〜てくださる	memberi atau menerima bantuan serta meminta bantuan dengan hormat
24	〜ていただき／〜てくださって、ありがとうございます	berterima kasih atas tindakan orang lain dengan bahasa formal
